user,month,genre,pct
Ashanti,2015-08,Pop,0.3527443483347846
Ashanti,2017-05,Pop,0.3239458637732441
Ashanti,2017-06,Pop,0.3592962606759011
Ashanti,2017-07,Pop,0.4049021412654888
Ashanti,2017-08,Pop,0.4866622462730117
Ashanti,2017-09,Pop,0.5260328401743951
Ashanti,2017-10,Pop,0.4651417834640361
Ashanti,2017-11,Pop,0.38300039537443525
Ashanti,2017-12,Pop,0.41384764001549085
Ashanti,2018-01,Pop,0.4464386004142305
Ashanti,2018-02,Pop,0.5265454449311447
Ashanti,2018-03,Pop,0.4892730476228828
Ashanti,2018-04,Pop,0.48966394865016794
Ashanti,2018-05,Pop,0.521051828949102
Ashanti,2018-06,Pop,0.42497266417883744
Ashanti,2018-07,Pop,0.3793453711533952
Ashanti,2018-08,Pop,0.2572698371286342
Ashanti,2018-09,Pop,0.24714777990230144
Ashanti,2018-10,Pop,0.23055341000950177
Ashanti,2018-11,Pop,0.269530621552264
Ashanti,2018-12,Pop,0.3391717612541692
Ashanti,2019-01,Pop,0.33155464190123324
Ashanti,2019-02,Pop,0.31285689900309777
Ashanti,2019-03,Pop,0.30104584195593564
Ashanti,2019-04,Pop,0.2819378847951872
Ashanti,2019-05,Pop,0.22029164014972238
Ashanti,2019-06,Pop,0.21868437905277585
Ashanti,2019-07,Pop,0.36756729670279925
Ashanti,2019-08,Pop,0.5090906775014931
Ashanti,2019-09,Pop,0.588618515093417
Ashanti,2019-10,Pop,0.631005732455597
Ashanti,2019-11,Pop,0.6847141001908548
Ashanti,2019-12,Pop,0.6740099969542941
Ashanti,2020-01,Pop,0.6290920624953884
Ashanti,2020-02,Pop,0.5346322076507884
Ashanti,2020-03,Pop,0.5595585369972983
Ashanti,2020-04,Pop,0.5185903184801326
Ashanti,2020-05,Pop,0.5047647081712837
Ashanti,2020-06,Pop,0.4925489705547881
Ashanti,2020-07,Pop,0.4690159317370574
Ashanti,2020-08,Pop,0.5014310161042377
Ashanti,2020-09,Pop,0.4884885992764909
Ashanti,2020-10,Pop,0.47969101784205215
Ashanti,2020-11,Pop,0.5212542816714475
Ashanti,2020-12,Pop,0.521816273526861
Ashanti,2021-01,Pop,0.5455200057454888
Ashanti,2021-02,Pop,0.5258184984010502
Ashanti,2021-03,Pop,0.5486819776586712
Ashanti,2021-04,Pop,0.5986516953688851
Ashanti,2021-05,Pop,0.6540906004266249
Ashanti,2021-06,Pop,0.6666895418275852
Ashanti,2021-07,Pop,0.671584855067636
Ashanti,2021-08,Pop,0.6489525169181752
Ashanti,2021-09,Pop,0.6853845579692829
Ashanti,2021-10,Pop,0.6667778876052365
Ashanti,2021-11,Pop,0.5960724505363609
Ashanti,2021-12,Pop,0.48646133527120167
Ashanti,2022-01,Pop,0.422530917013108
Ashanti,2022-02,Pop,0.5086257314573295
Ashanti,2022-03,Pop,0.5790918713040935
Ashanti,2022-04,Pop,0.6578965791447501
Ashanti,2022-05,Pop,0.6016219991849883
Ashanti,2022-06,Pop,0.5540065648442104
Ashanti,2022-07,Pop,0.5030704436862176
Ashanti,2022-08,Pop,0.5103772142467395
Ashanti,2022-09,Pop,0.5325063070267472
Ashanti,2022-10,Pop,0.5417066975202566
Ashanti,2022-11,Pop,0.5438432015399722
Ashanti,2022-12,Pop,0.5013355335493753
Ashanti,2023-01,Pop,0.4777479862919001
Ashanti,2023-02,Pop,0.4124837886878235
Ashanti,2023-03,Pop,0.3742601140988802
Ashanti,2023-04,Pop,0.3685077858694427
Ashanti,2023-05,Pop,0.38114654843809154
Ashanti,2023-06,Pop,0.44616117803994876
Ashanti,2023-07,Pop,0.4301297467327683
Ashanti,2023-08,Pop,0.4455737339657469
Ashanti,2023-09,Pop,0.4103374997065737
Ashanti,2023-10,Pop,0.4514772460842567
Ashanti,2023-11,Pop,0.4190290574640884
Ashanti,2023-12,Pop,0.38620557371290515
Ashanti,2024-01,Pop,0.368990673977452
Ashanti,2024-02,Pop,0.3867217951513924
Ashanti,2024-03,Pop,0.42134066264573855
Ashanti,2024-04,Pop,0.41597360735203487
Ashanti,2024-05,Pop,0.4192480726714825
Ashanti,2024-06,Pop,0.4532138486384952
Ashanti,2024-07,Pop,0.4101418243626798
Ashanti,2024-08,Pop,0.45537765726017154
Ashanti,2024-09,Pop,0.4105936805487899
Ashanti,2024-10,Pop,0.4207426033123988
Ashanti,2024-11,Pop,0.3317621225817113
Ashanti,2024-12,Pop,0.32761120129227034
Ashanti,2025-01,Pop,0.41148093018586945
Ashanti,2025-02,Pop,0.4793865282813312
Ashanti,2025-03,Pop,0.49834252857164135
Ashanti,2025-04,Pop,0.43588503783907023
Ashanti,2025-05,Pop,0.3937840421475336
Ashanti,2025-06,Pop,0.3833592788741895
Ashanti,2025-07,Pop,0.3515606095297991
Ashanti,2025-08,Pop,0.2597230734219141
Ashanti,2025-09,Pop,0.2117797734452133
Ashanti,2025-10,Pop,0.18409831565488063
Ashanti,2025-11,Pop,0.2191811216320012
Ashanti,2025-12,Pop,0.22004727957027645
Ashanti,2026-01,Pop,0.23967206211624173
Ashanti,2026-02,Pop,0.3548330268485131
Ashanti,2026-03,Pop,0.3931491273730572
Ashanti,2026-04,Pop,0.38151790263983537
Ashanti,2026-05,Pop,0.3159508555027937
Gabi,2021-03,Pop,0.05725758538885743
Gabi,2021-04,Pop,0.05766344238736416
Gabi,2021-05,Pop,0.06745530682267406
Gabi,2021-07,Pop,0.16932741200556825
Gabi,2021-11,Pop,0.27678510665119505
Gabi,2021-12,Pop,0.33675606899549165
Gabi,2022-01,Pop,0.33085500249665667
Gabi,2022-02,Pop,0.31266739073930583
Gabi,2022-03,Pop,0.3225760978933534
Gabi,2022-04,Pop,0.32878217596729614
Gabi,2022-05,Pop,0.33829979032989027
Gabi,2022-06,Pop,0.318124657583116
Gabi,2022-07,Pop,0.2624030855615609
Gabi,2022-08,Pop,0.23460222082335572
Gabi,2022-09,Pop,0.21677913988520695
Gabi,2022-10,Pop,0.21366005237390748
Gabi,2022-11,Pop,0.1902578770801634
Gabi,2022-12,Pop,0.19693024527559122
Gabi,2023-01,Pop,0.19998643743382305
Gabi,2023-02,Pop,0.1810508312883601
Gabi,2023-03,Pop,0.17699335906435665
Gabi,2023-04,Pop,0.21371911814360808
Gabi,2023-05,Pop,0.22120290869312498
Gabi,2023-06,Pop,0.2157014297671945
Gabi,2023-07,Pop,0.21243530289187018
Gabi,2023-08,Pop,0.21174383814396514
Gabi,2023-09,Pop,0.21239107515504607
Gabi,2023-10,Pop,0.19645299928694568
Gabi,2023-11,Pop,0.22681323867121186
Gabi,2023-12,Pop,0.27429551390828294
Gabi,2024-01,Pop,0.29374236600770604
Gabi,2024-02,Pop,0.3011362732103117
Gabi,2024-03,Pop,0.303353255713336
Gabi,2024-04,Pop,0.3059459971942383
Gabi,2024-05,Pop,0.28936709238249475
Gabi,2024-06,Pop,0.24052231334724872
Gabi,2024-07,Pop,0.20706514317046934
Gabi,2024-08,Pop,0.19744979588875422
Gabi,2024-09,Pop,0.19187201137546087
Gabi,2024-10,Pop,0.2013171696079711
Gabi,2024-11,Pop,0.20189909300427136
Gabi,2024-12,Pop,0.2294482312902808
Gabi,2025-01,Pop,0.2289989883921912
Gabi,2025-02,Pop,0.25131955543349604
Gabi,2025-03,Pop,0.2353631677174747
Gabi,2025-04,Pop,0.24676401368149667
Gabi,2025-05,Pop,0.24596926402736818
Gabi,2025-06,Pop,0.281645332018436
Gabi,2025-07,Pop,0.28853332285563277
Gabi,2025-08,Pop,0.28959424414453716
Gabi,2025-09,Pop,0.2633252805215451
Gabi,2025-10,Pop,0.25269145034687357
Gabi,2025-11,Pop,0.23898975043424162
Gabi,2025-12,Pop,0.25890939933212814
Gabi,2026-01,Pop,0.28091464983126496
Gabi,2026-02,Pop,0.29336356637509364
Gabi,2026-03,Pop,0.2689694805900269
Gabi,2026-04,Pop,0.2557781286260004
Gabi,2026-05,Pop,0.2510538896387207
Maribel,2023-07,Pop,0.22477395911368597
Maribel,2023-08,Pop,0.2733962754741273
Maribel,2023-09,Pop,0.355140897577735
Maribel,2023-10,Pop,0.31600976591985525
Maribel,2023-11,Pop,0.2949085626741937
Maribel,2023-12,Pop,0.2519310285523116
Maribel,2024-01,Pop,0.2840805449352992
Maribel,2024-02,Pop,0.2762141392092172
Maribel,2024-03,Pop,0.3434935051678054
Maribel,2024-04,Pop,0.3707929563892189
Maribel,2024-05,Pop,0.30843110040701016
Maribel,2024-06,Pop,0.26584897907319555
Maribel,2024-07,Pop,0.29725143400934867
Maribel,2024-08,Pop,0.3814422224373791
Maribel,2024-09,Pop,0.3814421351850623
Maribel,2024-10,Pop,0.3450858780461595
Maribel,2024-11,Pop,0.45036318156022953
Maribel,2024-12,Pop,0.41315677818833446
Maribel,2025-01,Pop,0.40944931290269393
Maribel,2025-02,Pop,0.2582132527747781
Maribel,2025-03,Pop,0.27309271848693584
Ashanti,2015-08,Rock,0.37935379897714516
Ashanti,2017-05,Rock,0.41005314196625803
Ashanti,2017-06,Rock,0.38533441477487407
Ashanti,2017-07,Rock,0.2771427348198588
Ashanti,2017-08,Rock,0.19337546545099227
Ashanti,2017-09,Rock,0.19112991656477987
Ashanti,2017-10,Rock,0.2562470395999546
Ashanti,2017-11,Rock,0.31638922391738816
Ashanti,2017-12,Rock,0.29712981046114434
Ashanti,2018-01,Rock,0.3062018076463959
Ashanti,2018-02,Rock,0.25939135477259045
Ashanti,2018-03,Rock,0.266659880730907
Ashanti,2018-04,Rock,0.19966367485859973
Ashanti,2018-05,Rock,0.14083052331609366
Ashanti,2018-06,Rock,0.28661727396130426
Ashanti,2018-07,Rock,0.3829025835048909
Ashanti,2018-08,Rock,0.544557774212212
Ashanti,2018-09,Rock,0.5345067899333303
Ashanti,2018-10,Rock,0.5214732124712814
Ashanti,2018-11,Rock,0.48560277976641036
Ashanti,2018-12,Rock,0.4141973655567736
Ashanti,2019-01,Rock,0.37708461398799553
Ashanti,2019-02,Rock,0.3612987779812314
Ashanti,2019-03,Rock,0.34903563383601904
Ashanti,2019-04,Rock,0.29630810544200814
Ashanti,2019-05,Rock,0.18413366485377214
Ashanti,2019-06,Rock,0.1611664363395979
Ashanti,2019-07,Rock,0.14427670365028447
Ashanti,2019-08,Rock,0.18742525882479066
Ashanti,2019-09,Rock,0.1650551017859635
Ashanti,2019-10,Rock,0.16308684662454845
Ashanti,2019-11,Rock,0.13858985565031237
Ashanti,2019-12,Rock,0.17142351470750425
Ashanti,2020-01,Rock,0.21343769171390048
Ashanti,2020-02,Rock,0.23963329270629177
Ashanti,2020-03,Rock,0.1865060177812838
Ashanti,2020-04,Rock,0.15894800209272883
Ashanti,2020-05,Rock,0.14019879107656655
Ashanti,2020-06,Rock,0.15009660772601555
Ashanti,2020-07,Rock,0.14306529799927856
Ashanti,2020-08,Rock,0.13231936610230394
Ashanti,2020-09,Rock,0.15028589041193174
Ashanti,2020-10,Rock,0.2144849997335666
Ashanti,2020-11,Rock,0.24659724262341556
Ashanti,2020-12,Rock,0.21128178327754454
Ashanti,2021-01,Rock,0.1423204187094687
Ashanti,2021-02,Rock,0.09685284432939216
Ashanti,2021-03,Rock,0.11728921384103264
Ashanti,2021-04,Rock,0.12874166801459483
Ashanti,2021-05,Rock,0.13685454182392556
Ashanti,2021-06,Rock,0.10425982526232484
Ashanti,2021-07,Rock,0.08714115839060853
Ashanti,2021-08,Rock,0.0709373642020746
Ashanti,2021-09,Rock,0.0521520101768895
Ashanti,2021-10,Rock,0.06753998158256301
Ashanti,2021-11,Rock,0.10809594448702797
Ashanti,2021-12,Rock,0.14974164245772834
Ashanti,2022-01,Rock,0.15908408879212885
Ashanti,2022-02,Rock,0.11833585997606859
Ashanti,2022-03,Rock,0.09368634721708484
Ashanti,2022-04,Rock,0.10510762875599496
Ashanti,2022-05,Rock,0.12185055577308239
Ashanti,2022-06,Rock,0.15215730652184212
Ashanti,2022-07,Rock,0.1825099750422611
Ashanti,2022-08,Rock,0.20193647177872778
Ashanti,2022-09,Rock,0.21403856408910113
Ashanti,2022-10,Rock,0.1416120441526986
Ashanti,2022-11,Rock,0.12897188962987743
Ashanti,2022-12,Rock,0.13818646349412997
Ashanti,2023-01,Rock,0.19105379196263036
Ashanti,2023-02,Rock,0.19798351424296098
Ashanti,2023-03,Rock,0.2116233249311045
Ashanti,2023-04,Rock,0.20159633572347938
Ashanti,2023-05,Rock,0.24482291136633494
Ashanti,2023-06,Rock,0.21012443361889402
Ashanti,2023-07,Rock,0.24165944326719976
Ashanti,2023-08,Rock,0.2626753222225789
Ashanti,2023-09,Rock,0.3023168106856749
Ashanti,2023-10,Rock,0.29094530947829494
Ashanti,2023-11,Rock,0.2669762843171637
Ashanti,2023-12,Rock,0.26761037101257856
Ashanti,2024-01,Rock,0.2857089510532394
Ashanti,2024-02,Rock,0.3094551731042767
Ashanti,2024-03,Rock,0.2776296247028854
Ashanti,2024-04,Rock,0.28968639084656844
Ashanti,2024-05,Rock,0.3044713974734433
Ashanti,2024-06,Rock,0.3096693636241978
Ashanti,2024-07,Rock,0.25401810788945045
Ashanti,2024-08,Rock,0.20093320501948084
Ashanti,2024-09,Rock,0.19877405718687413
Ashanti,2024-10,Rock,0.21286135155925046
Ashanti,2024-11,Rock,0.20617561717133104
Ashanti,2024-12,Rock,0.20504107100734373
Ashanti,2025-01,Rock,0.14894259729784057
Ashanti,2025-02,Rock,0.13995882531157627
Ashanti,2025-03,Rock,0.12964564845439133
Ashanti,2025-04,Rock,0.15058807049648146
Ashanti,2025-05,Rock,0.16242027551738722
Ashanti,2025-06,Rock,0.17404334853369582
Ashanti,2025-07,Rock,0.19641467538607163
Ashanti,2025-08,Rock,0.34449783452262034
Ashanti,2025-09,Rock,0.38085929390783524
Ashanti,2025-10,Rock,0.45216728421471436
Ashanti,2025-11,Rock,0.314411662828142
Ashanti,2025-12,Rock,0.25736147093594947
Ashanti,2026-01,Rock,0.1799786595470243
Ashanti,2026-02,Rock,0.1553407736840043
Ashanti,2026-03,Rock,0.14496021872237216
Ashanti,2026-04,Rock,0.11134942215695144
Ashanti,2026-05,Rock,0.08084762867119728
Gabi,2021-03,Rock,0.45082360590973625
Gabi,2021-04,Rock,0.46253271858367256
Gabi,2021-05,Rock,0.41722368322061204
Gabi,2021-07,Rock,0.22546876704331897
Gabi,2021-11,Rock,0.11316048558366303
Gabi,2021-12,Rock,0.22341927261588013
Gabi,2022-01,Rock,0.24896837205711272
Gabi,2022-02,Rock,0.27300862645640567
Gabi,2022-03,Rock,0.2663960558742435
Gabi,2022-04,Rock,0.24649759391778248
Gabi,2022-05,Rock,0.24477584091881102
Gabi,2022-06,Rock,0.20329089073227835
Gabi,2022-07,Rock,0.18087906050360025
Gabi,2022-08,Rock,0.13646773118818076
Gabi,2022-09,Rock,0.11922100244645607
Gabi,2022-10,Rock,0.12039806714100837
Gabi,2022-11,Rock,0.15901710463973376
Gabi,2022-12,Rock,0.16094087461737427
Gabi,2023-01,Rock,0.17797517940075838
Gabi,2023-02,Rock,0.15601812715214955
Gabi,2023-03,Rock,0.14783802871323323
Gabi,2023-04,Rock,0.13133755392348367
Gabi,2023-05,Rock,0.15431068340733894
Gabi,2023-06,Rock,0.15504104400217036
Gabi,2023-07,Rock,0.14824404668087401
Gabi,2023-08,Rock,0.10954520151731044
Gabi,2023-09,Rock,0.12353535419601068
Gabi,2023-10,Rock,0.17371662009057978
Gabi,2023-11,Rock,0.222269672482259
Gabi,2023-12,Rock,0.23659284781765058
Gabi,2024-01,Rock,0.24953617739729725
Gabi,2024-02,Rock,0.28837773251492743
Gabi,2024-03,Rock,0.3465143030956455
Gabi,2024-04,Rock,0.2853729874583775
Gabi,2024-05,Rock,0.2660693132586192
Gabi,2024-06,Rock,0.2659458623601766
Gabi,2024-07,Rock,0.3327510508138657
Gabi,2024-08,Rock,0.29328353780491484
Gabi,2024-09,Rock,0.2841242494515778
Gabi,2024-10,Rock,0.27403037878476816
Gabi,2024-11,Rock,0.30216969079801304
Gabi,2024-12,Rock,0.2599255009929912
Gabi,2025-01,Rock,0.24533925943023668
Gabi,2025-02,Rock,0.22120442421796324
Gabi,2025-03,Rock,0.24508630349890873
Gabi,2025-04,Rock,0.25917857924044685
Gabi,2025-05,Rock,0.2822572002302374
Gabi,2025-06,Rock,0.25485400810761943
Gabi,2025-07,Rock,0.2516064661814359
Gabi,2025-08,Rock,0.2229991901107099
Gabi,2025-09,Rock,0.2215761538518197
Gabi,2025-10,Rock,0.18507638623069408
Gabi,2025-11,Rock,0.18804766404516116
Gabi,2025-12,Rock,0.18414809002732224
Gabi,2026-01,Rock,0.21923572511956943
Gabi,2026-02,Rock,0.27013087504962713
Gabi,2026-03,Rock,0.29723906892373925
Gabi,2026-04,Rock,0.29594000739682674
Gabi,2026-05,Rock,0.2796832941882443
Maribel,2023-07,Rock,0.2084119162048113
Maribel,2023-08,Rock,0.19648980084090215
Maribel,2023-09,Rock,0.17769582158949518
Maribel,2023-10,Rock,0.0803603295269058
Maribel,2023-11,Rock,0.03778402491066815
Maribel,2023-12,Rock,0.0578702977924598
Maribel,2024-01,Rock,0.04810525860591088
Maribel,2024-02,Rock,0.049876037651718386
Maribel,2024-03,Rock,0.038443162608654706
Maribel,2024-04,Rock,0.046761646362994576
Maribel,2024-05,Rock,0.04505933880448682
Maribel,2024-06,Rock,0.033878928714267564
Maribel,2024-07,Rock,0.0607906383608102
Maribel,2024-08,Rock,0.10431570499215888
Maribel,2024-09,Rock,0.13981064813475128
Maribel,2024-10,Rock,0.14024170394117952
Maribel,2024-11,Rock,0.1275736047943667
Maribel,2024-12,Rock,0.0853671693458052
Maribel,2025-01,Rock,0.1952732830297681
Maribel,2025-02,Rock,0.2653013822119353
Maribel,2025-03,Rock,0.3969323572293082
Ashanti,2015-08,Hip-Hop,0.016280812073583784
Ashanti,2017-05,Hip-Hop,0.028430259765540467
Ashanti,2017-06,Hip-Hop,0.05227203079663939
Ashanti,2017-07,Hip-Hop,0.07925588339961143
Ashanti,2017-08,Hip-Hop,0.07479489986334283
Ashanti,2017-09,Hip-Hop,0.06652418986062006
Ashanti,2017-10,Hip-Hop,0.04763211959149052
Ashanti,2017-11,Hip-Hop,0.06044109572179387
Ashanti,2017-12,Hip-Hop,0.07355347729431222
Ashanti,2018-01,Hip-Hop,0.07364264785037046
Ashanti,2018-02,Hip-Hop,0.0705833104742284
Ashanti,2018-03,Hip-Hop,0.07894899679938426
Ashanti,2018-04,Hip-Hop,0.11610632318820041
Ashanti,2018-05,Hip-Hop,0.16102725327178494
Ashanti,2018-06,Hip-Hop,0.15456841895396892
Ashanti,2018-07,Hip-Hop,0.13855150678660524
Ashanti,2018-08,Hip-Hop,0.10266799305880947
Ashanti,2018-09,Hip-Hop,0.11918512626800065
Ashanti,2018-10,Hip-Hop,0.15511188093641645
Ashanti,2018-11,Hip-Hop,0.1508641207102462
Ashanti,2018-12,Hip-Hop,0.1537518884127073
Ashanti,2019-01,Hip-Hop,0.15736923360264574
Ashanti,2019-02,Hip-Hop,0.18226915525109236
Ashanti,2019-03,Hip-Hop,0.17021736625324926
Ashanti,2019-04,Hip-Hop,0.10565136480171987
Ashanti,2019-05,Hip-Hop,0.06056486827926047
Ashanti,2019-06,Hip-Hop,0.09640695733917498
Ashanti,2019-07,Hip-Hop,0.13281663425289955
Ashanti,2019-08,Hip-Hop,0.18138000090798145
Ashanti,2019-09,Hip-Hop,0.13510437420671326
Ashanti,2019-10,Hip-Hop,0.09106931442095838
Ashanti,2019-11,Hip-Hop,0.048659151861984225
Ashanti,2019-12,Hip-Hop,0.022153965501385806
Ashanti,2020-01,Hip-Hop,0.034487544533613544
Ashanti,2020-02,Hip-Hop,0.08365372866578108
Ashanti,2020-03,Hip-Hop,0.12502891026261911
Ashanti,2020-04,Hip-Hop,0.1414091499946898
Ashanti,2020-05,Hip-Hop,0.14576693163870633
Ashanti,2020-06,Hip-Hop,0.13699805385621266
Ashanti,2020-07,Hip-Hop,0.1537139101147033
Ashanti,2020-08,Hip-Hop,0.13724892907635047
Ashanti,2020-09,Hip-Hop,0.13192231575001132
Ashanti,2020-10,Hip-Hop,0.11059198681271591
Ashanti,2020-11,Hip-Hop,0.07854800180895433
Ashanti,2020-12,Hip-Hop,0.06232930707972318
Ashanti,2021-01,Hip-Hop,0.051163726665877325
Ashanti,2021-02,Hip-Hop,0.03854617890239791
Ashanti,2021-03,Hip-Hop,0.04590395372809112
Ashanti,2021-04,Hip-Hop,0.03162114434679486
Ashanti,2021-05,Hip-Hop,0.04578855061828213
Ashanti,2021-06,Hip-Hop,0.04723806884674004
Ashanti,2021-07,Hip-Hop,0.07230629218723207
Ashanti,2021-08,Hip-Hop,0.057163519730002645
Ashanti,2021-09,Hip-Hop,0.04156112359519343
Ashanti,2021-10,Hip-Hop,0.019605714031951257
Ashanti,2021-11,Hip-Hop,0.04185857131727517
Ashanti,2021-12,Hip-Hop,0.08615002738326416
Ashanti,2022-01,Hip-Hop,0.11301595348282906
Ashanti,2022-02,Hip-Hop,0.10518829737661363
Ashanti,2022-03,Hip-Hop,0.09288630374213824
Ashanti,2022-04,Hip-Hop,0.06913753465572726
Ashanti,2022-05,Hip-Hop,0.0967375164683793
Ashanti,2022-06,Hip-Hop,0.09434526368934874
Ashanti,2022-07,Hip-Hop,0.11244747128252441
Ashanti,2022-08,Hip-Hop,0.09107785533925716
Ashanti,2022-09,Hip-Hop,0.06664191838588386
Ashanti,2022-10,Hip-Hop,0.058653034865638665
Ashanti,2022-11,Hip-Hop,0.04947724759412279
Ashanti,2022-12,Hip-Hop,0.05835783864238444
Ashanti,2023-01,Hip-Hop,0.06589501220224218
Ashanti,2023-02,Hip-Hop,0.13494992362766292
Ashanti,2023-03,Hip-Hop,0.1809479430017178
Ashanti,2023-04,Hip-Hop,0.19181688150998474
Ashanti,2023-05,Hip-Hop,0.13035277225486572
Ashanti,2023-06,Hip-Hop,0.08428860483654245
Ashanti,2023-07,Hip-Hop,0.058516059338147686
Ashanti,2023-08,Hip-Hop,0.04003639804402669
Ashanti,2023-09,Hip-Hop,0.03639190468545616
Ashanti,2023-10,Hip-Hop,0.04189648796344498
Ashanti,2023-11,Hip-Hop,0.08496219849031945
Ashanti,2023-12,Hip-Hop,0.08571894818650638
Ashanti,2024-01,Hip-Hop,0.07630788638151886
Ashanti,2024-02,Hip-Hop,0.0590746766180332
Ashanti,2024-03,Hip-Hop,0.07445522448069619
Ashanti,2024-04,Hip-Hop,0.070101195943364
Ashanti,2024-05,Hip-Hop,0.056770754540828895
Ashanti,2024-06,Hip-Hop,0.05706088527647118
Ashanti,2024-07,Hip-Hop,0.06992146370507384
Ashanti,2024-08,Hip-Hop,0.06367791608410003
Ashanti,2024-09,Hip-Hop,0.07822228374782668
Ashanti,2024-10,Hip-Hop,0.12316006758528442
Ashanti,2024-11,Hip-Hop,0.17645350981685493
Ashanti,2024-12,Hip-Hop,0.1383013079222134
Ashanti,2025-01,Hip-Hop,0.12066170706407003
Ashanti,2025-02,Hip-Hop,0.08027804500965846
Ashanti,2025-03,Hip-Hop,0.09898317931281987
Ashanti,2025-04,Hip-Hop,0.07278497590887785
Ashanti,2025-05,Hip-Hop,0.05957867448916699
Ashanti,2025-06,Hip-Hop,0.058030132401295266
Ashanti,2025-07,Hip-Hop,0.05903227996696597
Ashanti,2025-08,Hip-Hop,0.051828780161671896
Ashanti,2025-09,Hip-Hop,0.05596763507957476
Ashanti,2025-10,Hip-Hop,0.03955191771896954
Ashanti,2025-11,Hip-Hop,0.05751919678310935
Ashanti,2025-12,Hip-Hop,0.030473021558521694
Ashanti,2026-01,Hip-Hop,0.04120823978393894
Ashanti,2026-02,Hip-Hop,0.030722282316178892
Ashanti,2026-03,Hip-Hop,0.0385607115443608
Ashanti,2026-04,Hip-Hop,0.030013836897747382
Ashanti,2026-05,Hip-Hop,0.02720953882785495
Gabi,2021-03,Hip-Hop,0.0631879623789678
Gabi,2021-04,Hip-Hop,0.1118376458218035
Gabi,2021-05,Hip-Hop,0.10014468535125194
Gabi,2021-07,Hip-Hop,0.08176285146247021
Gabi,2021-11,Hip-Hop,0.04116042288177277
Gabi,2021-12,Hip-Hop,0.06397384928683492
Gabi,2022-01,Hip-Hop,0.07352874270352992
Gabi,2022-02,Hip-Hop,0.05955931950195336
Gabi,2022-03,Hip-Hop,0.07312633083653684
Gabi,2022-04,Hip-Hop,0.08299415199187066
Gabi,2022-05,Hip-Hop,0.08532484885963165
Gabi,2022-06,Hip-Hop,0.10090380498528866
Gabi,2022-07,Hip-Hop,0.12817919845542433
Gabi,2022-08,Hip-Hop,0.13983944861176395
Gabi,2022-09,Hip-Hop,0.11411477841118778
Gabi,2022-10,Hip-Hop,0.08697804085026828
Gabi,2022-11,Hip-Hop,0.08733196449902673
Gabi,2022-12,Hip-Hop,0.09191473609047533
Gabi,2023-01,Hip-Hop,0.09524830715138231
Gabi,2023-02,Hip-Hop,0.1021926059077397
Gabi,2023-03,Hip-Hop,0.12626408095655553
Gabi,2023-04,Hip-Hop,0.12301141288726695
Gabi,2023-05,Hip-Hop,0.13820850947741775
Gabi,2023-06,Hip-Hop,0.12483143541272251
Gabi,2023-07,Hip-Hop,0.1434082236582769
Gabi,2023-08,Hip-Hop,0.18606165505625025
Gabi,2023-09,Hip-Hop,0.18980026319945933
Gabi,2023-10,Hip-Hop,0.15770425285928383
Gabi,2023-11,Hip-Hop,0.11223598541446721
Gabi,2023-12,Hip-Hop,0.10671098436319724
Gabi,2024-01,Hip-Hop,0.10766265474780544
Gabi,2024-02,Hip-Hop,0.07620548469031051
Gabi,2024-03,Hip-Hop,0.04802570504874179
Gabi,2024-04,Hip-Hop,0.0684118052006402
Gabi,2024-05,Hip-Hop,0.072035327024844
Gabi,2024-06,Hip-Hop,0.08179325434853531
Gabi,2024-07,Hip-Hop,0.07162449594811543
Gabi,2024-08,Hip-Hop,0.06980394901752829
Gabi,2024-09,Hip-Hop,0.06389022550579272
Gabi,2024-10,Hip-Hop,0.06911701770316764
Gabi,2024-11,Hip-Hop,0.08156387523220356
Gabi,2024-12,Hip-Hop,0.09618629112165726
Gabi,2025-01,Hip-Hop,0.08341399585040817
Gabi,2025-02,Hip-Hop,0.07686091198104776
Gabi,2025-03,Hip-Hop,0.0854959922277271
Gabi,2025-04,Hip-Hop,0.07579181846638687
Gabi,2025-05,Hip-Hop,0.07708027779231669
Gabi,2025-06,Hip-Hop,0.06406261885420368
Gabi,2025-07,Hip-Hop,0.07409394617349165
Gabi,2025-08,Hip-Hop,0.06746962033186367
Gabi,2025-09,Hip-Hop,0.06757021219524172
Gabi,2025-10,Hip-Hop,0.0799722055952354
Gabi,2025-11,Hip-Hop,0.07572832063470629
Gabi,2025-12,Hip-Hop,0.06009630452099258
Gabi,2026-01,Hip-Hop,0.03970259865130805
Gabi,2026-02,Hip-Hop,0.054947668401655804
Gabi,2026-03,Hip-Hop,0.0989012580976542
Gabi,2026-04,Hip-Hop,0.10667639900262153
Gabi,2026-05,Hip-Hop,0.11393937970994333
Maribel,2023-07,Hip-Hop,0.027649718034100677
Maribel,2023-08,Hip-Hop,0.04419297982554445
Maribel,2023-09,Hip-Hop,0.09434425262041228
Maribel,2023-10,Hip-Hop,0.14687948823929664
Maribel,2023-11,Hip-Hop,0.1646754312534618
Maribel,2023-12,Hip-Hop,0.12792895586534778
Maribel,2024-01,Hip-Hop,0.07954837787872159
Maribel,2024-02,Hip-Hop,0.05522433394762747
Maribel,2024-03,Hip-Hop,0.0376907314676815
Maribel,2024-04,Hip-Hop,0.035376555505899625
Maribel,2024-05,Hip-Hop,0.01614482195335123
Maribel,2024-06,Hip-Hop,0.1111464025968617
Maribel,2024-07,Hip-Hop,0.17877934248203708
Maribel,2024-08,Hip-Hop,0.2149112966923127
Maribel,2024-09,Hip-Hop,0.15630735617533487
Maribel,2024-10,Hip-Hop,0.1202564117634114
Maribel,2024-11,Hip-Hop,0.09593169163947628
Maribel,2024-12,Hip-Hop,0.08903464288987524
Maribel,2025-01,Hip-Hop,0.0570976190346694
Maribel,2025-02,Hip-Hop,0.07828133864759129
Maribel,2025-03,Hip-Hop,0.05665103635137195
Ashanti,2015-08,R&B,0.02492827038608447
Ashanti,2017-05,R&B,0.05483187367784551
Ashanti,2017-06,R&B,0.0924435117532287
Ashanti,2017-07,R&B,0.11273533647508377
Ashanti,2017-08,R&B,0.1078666694141951
Ashanti,2017-09,R&B,0.1111635399249236
Ashanti,2017-10,R&B,0.08499545483993835
Ashanti,2017-11,R&B,0.06456238889735727
Ashanti,2017-12,R&B,0.037115654704194076
Ashanti,2018-01,R&B,0.036236395417219326
Ashanti,2018-02,R&B,0.034551087545289155
Ashanti,2018-03,R&B,0.04143055906830651
Ashanti,2018-04,R&B,0.039344720372529195
Ashanti,2018-05,R&B,0.04248428190762311
Ashanti,2018-06,R&B,0.028207921915816194
Ashanti,2018-07,R&B,0.02856939934587104
Ashanti,2018-08,R&B,0.030736758910202014
Ashanti,2018-09,R&B,0.031410639143878795
Ashanti,2018-10,R&B,0.028127855287876535
Ashanti,2018-11,R&B,0.021859900443183766
Ashanti,2018-12,R&B,0.031600833547539696
Ashanti,2019-01,R&B,0.03677232040480944
Ashanti,2019-02,R&B,0.031993261896045545
Ashanti,2019-03,R&B,0.039798769819550474
Ashanti,2019-04,R&B,0.04128602124396787
Ashanti,2019-05,R&B,0.042796367765379296
Ashanti,2019-06,R&B,0.03832754587876694
Ashanti,2019-07,R&B,0.03932917726986074
Ashanti,2019-08,R&B,0.0466203929440096
Ashanti,2019-09,R&B,0.039530729809367456
Ashanti,2019-10,R&B,0.03530472032991605
Ashanti,2019-11,R&B,0.029199750168154074
Ashanti,2019-12,R&B,0.028944705957484426
Ashanti,2020-01,R&B,0.024360874549085768
Ashanti,2020-02,R&B,0.03392704767645388
Ashanti,2020-03,R&B,0.03716299949067777
Ashanti,2020-04,R&B,0.07731373905052624
Ashanti,2020-05,R&B,0.0843243707067971
Ashanti,2020-06,R&B,0.08658122946914859
Ashanti,2020-07,R&B,0.07794944433385166
Ashanti,2020-08,R&B,0.07530157364042839
Ashanti,2020-09,R&B,0.0886841817612376
Ashanti,2020-10,R&B,0.05812231094842166
Ashanti,2020-11,R&B,0.04728753692961283
Ashanti,2020-12,R&B,0.042845384985016575
Ashanti,2021-01,R&B,0.059156832602209365
Ashanti,2021-02,R&B,0.06395284499107036
Ashanti,2021-03,R&B,0.06313248927556102
Ashanti,2021-04,R&B,0.06551587153435486
Ashanti,2021-05,R&B,0.060321621889883194
Ashanti,2021-06,R&B,0.07476466107491507
Ashanti,2021-07,R&B,0.08004415989217668
Ashanti,2021-08,R&B,0.07877681277829235
Ashanti,2021-09,R&B,0.04513300666213815
Ashanti,2021-10,R&B,0.027582446062977106
Ashanti,2021-11,R&B,0.035111118417915255
Ashanti,2021-12,R&B,0.056640833613817866
Ashanti,2022-01,R&B,0.08834497522229538
Ashanti,2022-02,R&B,0.10151939978531731
Ashanti,2022-03,R&B,0.09403532305096314
Ashanti,2022-04,R&B,0.05791206413494863
Ashanti,2022-05,R&B,0.051480573936675954
Ashanti,2022-06,R&B,0.056369897966272765
Ashanti,2022-07,R&B,0.0628633220500996
Ashanti,2022-08,R&B,0.06691139615888696
Ashanti,2022-09,R&B,0.06119446764515262
Ashanti,2022-10,R&B,0.11169697999176136
Ashanti,2022-11,R&B,0.13199784399149883
Ashanti,2022-12,R&B,0.14311122568181237
Ashanti,2023-01,R&B,0.11856283485942053
Ashanti,2023-02,R&B,0.11469196610750393
Ashanti,2023-03,R&B,0.09771774729894711
Ashanti,2023-04,R&B,0.08574163308529037
Ashanti,2023-05,R&B,0.05350461976578156
Ashanti,2023-06,R&B,0.06609738011405973
Ashanti,2023-07,R&B,0.053741416771427096
Ashanti,2023-08,R&B,0.050891732239154656
Ashanti,2023-09,R&B,0.03936481313240004
Ashanti,2023-10,R&B,0.03342151341077754
Ashanti,2023-11,R&B,0.040882128042373934
Ashanti,2023-12,R&B,0.03798814195988117
Ashanti,2024-01,R&B,0.0428554531853144
Ashanti,2024-02,R&B,0.04304484271143697
Ashanti,2024-03,R&B,0.05268506340869509
Ashanti,2024-04,R&B,0.048202775701887114
Ashanti,2024-05,R&B,0.04681903338014687
Ashanti,2024-06,R&B,0.04105997762018181
Ashanti,2024-07,R&B,0.045967407714347715
Ashanti,2024-08,R&B,0.04497674007302626
Ashanti,2024-09,R&B,0.04130190310113712
Ashanti,2024-10,R&B,0.03854288479322391
Ashanti,2024-11,R&B,0.038677724642148206
Ashanti,2024-12,R&B,0.035628258371162645
Ashanti,2025-01,R&B,0.03932063553806942
Ashanti,2025-02,R&B,0.03640429891120528
Ashanti,2025-03,R&B,0.04568240609579436
Ashanti,2025-04,R&B,0.046571029136562865
Ashanti,2025-05,R&B,0.04747211526033177
Ashanti,2025-06,R&B,0.04505805546549673
Ashanti,2025-07,R&B,0.043578780848372085
Ashanti,2025-08,R&B,0.032363561425720125
Ashanti,2025-09,R&B,0.04491453993079522
Ashanti,2025-10,R&B,0.033661004828446243
Ashanti,2025-11,R&B,0.041954264510072725
Ashanti,2025-12,R&B,0.020730302992497607
Ashanti,2026-01,R&B,0.032482972856819566
Ashanti,2026-02,R&B,0.03561290260902367
Ashanti,2026-03,R&B,0.041441396700581765
Ashanti,2026-04,R&B,0.04909802422149073
Ashanti,2026-05,R&B,0.05433124662786559
Gabi,2021-03,R&B,0.009770805429475837
Gabi,2021-04,R&B,0.016023332729106866
Gabi,2021-05,R&B,0.013523205098229005
Gabi,2021-07,R&B,0.07377145342671883
Gabi,2021-11,R&B,0.10299250895172096
Gabi,2021-12,R&B,0.1325466616928814
Gabi,2022-01,R&B,0.09894814255115808
Gabi,2022-02,R&B,0.08737758759877667
Gabi,2022-03,R&B,0.08374282773581783
Gabi,2022-04,R&B,0.08425706645457802
Gabi,2022-05,R&B,0.07092293849635475
Gabi,2022-06,R&B,0.06750859271176395
Gabi,2022-07,R&B,0.08975101494530958
Gabi,2022-08,R&B,0.12609006593134178
Gabi,2022-09,R&B,0.1771196611943504
Gabi,2022-10,R&B,0.1690679578599311
Gabi,2022-11,R&B,0.1677972669756499
Gabi,2022-12,R&B,0.1451908742544656
Gabi,2023-01,R&B,0.16785639574998376
Gabi,2023-02,R&B,0.19909821550747453
Gabi,2023-03,R&B,0.22843403262440296
Gabi,2023-04,R&B,0.2113988612850086
Gabi,2023-05,R&B,0.16273071755956073
Gabi,2023-06,R&B,0.1301816684343902
Gabi,2023-07,R&B,0.1182595847220531
Gabi,2023-08,R&B,0.11548887250934832
Gabi,2023-09,R&B,0.09551150061904264
Gabi,2023-10,R&B,0.07326442460408791
Gabi,2023-11,R&B,0.06893756376190883
Gabi,2023-12,R&B,0.08046703445938398
Gabi,2024-01,R&B,0.09139962596400704
Gabi,2024-02,R&B,0.08769729321095704
Gabi,2024-03,R&B,0.0587232643051151
Gabi,2024-04,R&B,0.04512335730629621
Gabi,2024-05,R&B,0.03941978367320154
Gabi,2024-06,R&B,0.05855629497931678
Gabi,2024-07,R&B,0.07533399974590317
Gabi,2024-08,R&B,0.09622342580731887
Gabi,2024-09,R&B,0.09201270190725265
Gabi,2024-10,R&B,0.09276806864436733
Gabi,2024-11,R&B,0.08618634482511896
Gabi,2024-12,R&B,0.10198904355981152
Gabi,2025-01,R&B,0.10136187996650597
Gabi,2025-02,R&B,0.10564006409112907
Gabi,2025-03,R&B,0.10675766891201817
Gabi,2025-04,R&B,0.10465665386431305
Gabi,2025-05,R&B,0.09789946213286128
Gabi,2025-06,R&B,0.08561228694655405
Gabi,2025-07,R&B,0.07677716477580727
Gabi,2025-08,R&B,0.08022607452723346
Gabi,2025-09,R&B,0.10070837797207093
Gabi,2025-10,R&B,0.1409694230051732
Gabi,2025-11,R&B,0.16035242074639403
Gabi,2025-12,R&B,0.12673606549936836
Gabi,2026-01,R&B,0.08986698191437713
Gabi,2026-02,R&B,0.06356027012942563
Gabi,2026-03,R&B,0.06891706806903469
Gabi,2026-04,R&B,0.06665553957998453
Gabi,2026-05,R&B,0.06500588623049687
Maribel,2023-07,R&B,0.014080512637267936
Maribel,2023-08,R&B,0.012143001541456566
Maribel,2023-09,R&B,0.015477351008718943
Maribel,2023-10,R&B,0.012025061825364456
Maribel,2023-11,R&B,0.05281814150562927
Maribel,2023-12,R&B,0.0677888085535557
Maribel,2024-01,R&B,0.0770620778457148
Maribel,2024-02,R&B,0.06367018094379313
Maribel,2024-03,R&B,0.09757466498465361
Maribel,2024-04,R&B,0.11839114324615468
Maribel,2024-05,R&B,0.09332749470623748
Maribel,2024-06,R&B,0.07875532178122145
Maribel,2024-07,R&B,0.0798798603582785
Maribel,2024-08,R&B,0.13573993496344014
Maribel,2024-09,R&B,0.12873004737246646
Maribel,2024-10,R&B,0.10575020964196781
Maribel,2024-11,R&B,0.06575189030658228
Maribel,2024-12,R&B,0.05718752715977138
Maribel,2025-01,R&B,0.06548949170012326
Maribel,2025-02,R&B,0.09786910511950607
Maribel,2025-03,R&B,0.10586954162645223
Ashanti,2015-08,Electronic,0.22543522541404631
Ashanti,2017-05,Electronic,0.1806213140537135
Ashanti,2017-06,Electronic,0.08387433809918261
Ashanti,2017-07,Electronic,0.09175880561402389
Ashanti,2017-08,Electronic,0.0755528727603257
Ashanti,2017-09,Electronic,0.04725696219992076
Ashanti,2017-10,Electronic,0.051852321647814816
Ashanti,2017-11,Electronic,0.046338144481739896
Ashanti,2017-12,Electronic,0.04616976787514643
Ashanti,2018-01,Electronic,0.03191579002129546
Ashanti,2018-02,Electronic,0.04843398792541256
Ashanti,2018-03,Electronic,0.05910675907774423
Ashanti,2018-04,Electronic,0.0637194572662401
Ashanti,2018-05,Electronic,0.042471148003376286
Ashanti,2018-06,Electronic,0.031206094021748277
Ashanti,2018-07,Electronic,0.030267023820222765
Ashanti,2018-08,Electronic,0.03469501997300679
Ashanti,2018-09,Electronic,0.044910667912628356
Ashanti,2018-10,Electronic,0.049983152554810735
Ashanti,2018-11,Electronic,0.05786221914858453
Ashanti,2018-12,Electronic,0.04557238815036551
Ashanti,2019-01,Electronic,0.03836300893954573
Ashanti,2019-02,Electronic,0.041146960412643784
Ashanti,2019-03,Electronic,0.04864282301613765
Ashanti,2019-04,Electronic,0.20280255892340113
Ashanti,2019-05,Electronic,0.429396557638079
Ashanti,2019-06,Electronic,0.4230120786776726
Ashanti,2019-07,Electronic,0.26925483666213784
Ashanti,2019-08,Electronic,0.03194751219999325
Ashanti,2019-09,Electronic,0.01782718509667571
Ashanti,2019-10,Electronic,0.011447411601054036
Ashanti,2019-11,Electronic,0.007503414949924968
Ashanti,2019-12,Electronic,0.018582447615064487
Ashanti,2020-01,Electronic,0.02355328262392554
Ashanti,2020-02,Electronic,0.03885329276898115
Ashanti,2020-03,Electronic,0.0379723515541276
Ashanti,2020-04,Electronic,0.040518170163115506
Ashanti,2020-05,Electronic,0.06837977379103567
Ashanti,2020-06,Electronic,0.07093236877948418
Ashanti,2020-07,Electronic,0.0783200345175283
Ashanti,2020-08,Electronic,0.06484692070600517
Ashanti,2020-09,Electronic,0.056241450138735966
Ashanti,2020-10,Electronic,0.03991417756228243
Ashanti,2020-11,Electronic,0.011219765556235854
Ashanti,2020-12,Electronic,0.0137310032980321
Ashanti,2021-01,Electronic,0.014475629620454672
Ashanti,2021-02,Electronic,0.01164421572400859
Ashanti,2021-03,Electronic,0.010370635055764877
Ashanti,2021-04,Electronic,0.009604392373864774
Ashanti,2021-05,Electronic,0.01575581842567732
Ashanti,2021-06,Electronic,0.018995673793098838
Ashanti,2021-07,Electronic,0.019515820141284286
Ashanti,2021-08,Electronic,0.01408117174511767
Ashanti,2021-09,Electronic,0.005758303771628361
Ashanti,2021-10,Electronic,0.010570193760128972
Ashanti,2021-11,Electronic,0.012817193852232905
Ashanti,2021-12,Electronic,0.01868606218137755
Ashanti,2022-01,Electronic,0.021174220422999688
Ashanti,2022-02,Electronic,0.02177890203722693
Ashanti,2022-03,Electronic,0.019324660982963336
Ashanti,2022-04,Electronic,0.010850579413093413
Ashanti,2022-05,Electronic,0.025627439788939273
Ashanti,2022-06,Electronic,0.0242152769009038
Ashanti,2022-07,Electronic,0.029924154401116957
Ashanti,2022-08,Electronic,0.012633088897482192
Ashanti,2022-09,Electronic,0.01626188383214653
Ashanti,2022-10,Electronic,0.02658055692365699
Ashanti,2022-11,Electronic,0.03209014545181177
Ashanti,2022-12,Electronic,0.030287365165715754
Ashanti,2023-01,Electronic,0.02157817409721109
Ashanti,2023-02,Electronic,0.01736017131914758
Ashanti,2023-03,Electronic,0.017954802882211015
Ashanti,2023-04,Electronic,0.024502253132603766
Ashanti,2023-05,Electronic,0.026901140050972747
Ashanti,2023-06,Electronic,0.029331318787466313
Ashanti,2023-07,Electronic,0.018543678905100648
Ashanti,2023-08,Electronic,0.015301109793861652
Ashanti,2023-09,Electronic,0.016066953618282306
Ashanti,2023-10,Electronic,0.016623156285072823
Ashanti,2023-11,Electronic,0.014160123546706843
Ashanti,2023-12,Electronic,0.008441183564663527
Ashanti,2024-01,Electronic,0.006681265458555054
Ashanti,2024-02,Electronic,0.010193483328093408
Ashanti,2024-03,Electronic,0.015130371715319594
Ashanti,2024-04,Electronic,0.013873899887788312
Ashanti,2024-05,Electronic,0.015345626796744121
Ashanti,2024-06,Electronic,0.015584522483469818
Ashanti,2024-07,Electronic,0.02438700390101639
Ashanti,2024-08,Electronic,0.020333353412636385
Ashanti,2024-09,Electronic,0.015431973562389957
Ashanti,2024-10,Electronic,0.009519176876506585
Ashanti,2024-11,Electronic,0.009158075669284204
Ashanti,2024-12,Electronic,0.011597384982794182
Ashanti,2025-01,Electronic,0.019417410764685183
Ashanti,2025-02,Electronic,0.03131333287443732
Ashanti,2025-03,Electronic,0.03662295302969116
Ashanti,2025-04,Electronic,0.06764421594530813
Ashanti,2025-05,Electronic,0.06781399783353115
Ashanti,2025-06,Electronic,0.06550428646150121
Ashanti,2025-07,Electronic,0.05936460465660178
Ashanti,2025-08,Electronic,0.060523733073225276
Ashanti,2025-09,Electronic,0.061382639955458396
Ashanti,2025-10,Electronic,0.044787283977778564
Ashanti,2025-11,Electronic,0.0916012719401527
Ashanti,2025-12,Electronic,0.11561073438082826
Ashanti,2026-01,Electronic,0.11480156544312879
Ashanti,2026-02,Electronic,0.07170260660960921
Ashanti,2026-03,Electronic,0.051582441231255764
Ashanti,2026-04,Electronic,0.039685673443738086
Ashanti,2026-05,Electronic,0.030990278227750027
Gabi,2021-03,Electronic,0.24182985111571328
Gabi,2021-04,Electronic,0.2066902002808814
Gabi,2021-05,Electronic,0.06361030040246711
Gabi,2021-07,Electronic,0.10555108761990754
Gabi,2021-11,Electronic,0.13294321431004555
Gabi,2021-12,Electronic,0.17191641104368205
Gabi,2022-01,Electronic,0.16092691135402956
Gabi,2022-02,Electronic,0.17140982283156406
Gabi,2022-03,Electronic,0.18107780393986164
Gabi,2022-04,Electronic,0.19193423598831086
Gabi,2022-05,Electronic,0.19418979131735892
Gabi,2022-06,Electronic,0.23079132406724345
Gabi,2022-07,Electronic,0.27113249164426556
Gabi,2022-08,Electronic,0.27901891012860097
Gabi,2022-09,Electronic,0.29316956360350965
Gabi,2022-10,Electronic,0.32894315261447643
Gabi,2022-11,Electronic,0.33771234048061505
Gabi,2022-12,Electronic,0.3450138764860795
Gabi,2023-01,Electronic,0.28788397663346843
Gabi,2023-02,Electronic,0.28677661868447374
Gabi,2023-03,Electronic,0.2453151235028058
Gabi,2023-04,Electronic,0.24995218246107295
Gabi,2023-05,Electronic,0.2512766084271487
Gabi,2023-06,Electronic,0.29677066810642155
Gabi,2023-07,Electronic,0.29806114495135927
Gabi,2023-08,Electronic,0.3042333109170569
Gabi,2023-09,Electronic,0.304087485115997
Gabi,2023-10,Electronic,0.2720112205684432
Gabi,2023-11,Electronic,0.23643764204565001
Gabi,2023-12,Electronic,0.18392471770537056
Gabi,2024-01,Electronic,0.1863045518787161
Gabi,2024-02,Electronic,0.16469496780902235
Gabi,2024-03,Electronic,0.1493424594137742
Gabi,2024-04,Electronic,0.21183256915383217
Gabi,2024-05,Electronic,0.24708746524359979
Gabi,2024-06,Electronic,0.27078452296730454
Gabi,2024-07,Electronic,0.21782872976272838
Gabi,2024-08,Electronic,0.24939081876652267
Gabi,2024-09,Electronic,0.27211341497558883
Gabi,2024-10,Electronic,0.27141243707862805
Gabi,2024-11,Electronic,0.24765209609406946
Gabi,2024-12,Electronic,0.23039896044360275
Gabi,2025-01,Electronic,0.24375891528177193
Gabi,2025-02,Electronic,0.2325295606234545
Gabi,2025-03,Electronic,0.21207881018492816
Gabi,2025-04,Electronic,0.19985274184074128
Gabi,2025-05,Electronic,0.17704815123321552
Gabi,2025-06,Electronic,0.18660891704062266
Gabi,2025-07,Electronic,0.18988945543154498
Gabi,2025-08,Electronic,0.21415812614578109
Gabi,2025-09,Electronic,0.22725153738301174
Gabi,2025-10,Electronic,0.21995233400830694
Gabi,2025-11,Electronic,0.21637427626399164
Gabi,2025-12,Electronic,0.21482003776457467
Gabi,2026-01,Electronic,0.21915674527095694
Gabi,2026-02,Electronic,0.1954118747942825
Gabi,2026-03,Electronic,0.19140629226369307
Gabi,2026-04,Electronic,0.21554030874149546
Gabi,2026-05,Electronic,0.237163944945795
Maribel,2023-07,Electronic,0.046926999704069126
Maribel,2023-08,Electronic,0.03848263134275294
Maribel,2023-09,Electronic,0.02153862918732379
Maribel,2023-10,Electronic,0.12481306885425747
Maribel,2023-11,Electronic,0.12180011160514392
Maribel,2023-12,Electronic,0.12330737067423601
Maribel,2024-01,Electronic,0.11961695183766309
Maribel,2024-02,Electronic,0.16368933585544923
Maribel,2024-03,Electronic,0.19427767890390543
Maribel,2024-04,Electronic,0.19943220833622669
Maribel,2024-05,Electronic,0.3643475741019833
Maribel,2024-06,Electronic,0.3409185651646615
Maribel,2024-07,Electronic,0.24334304144206578
Maribel,2024-08,Electronic,0.03154367960774032
Maribel,2024-09,Electronic,0.019900719325946656
Maribel,2024-10,Electronic,0.010577117841172675
Maribel,2024-11,Electronic,0.015108251752640063
Maribel,2024-12,Electronic,0.01883747410964397
Maribel,2025-01,Electronic,0.011167926186523658
Maribel,2025-02,Electronic,0.015040221972023557
Maribel,2025-03,Electronic,0.014665237905666921
Ashanti,2015-08,Latin,6.285059582678313e-05
Ashanti,2017-05,Latin,0.00014905816792574927
Ashanti,2017-06,Latin,0.023471195595627145
Ashanti,2017-07,Latin,0.025989111151834044
Ashanti,2017-08,Latin,0.03573340390495221
Ashanti,2017-09,Latin,0.019658685386357223
Ashanti,2017-10,Latin,0.023000695185982422
Ashanti,2017-11,Latin,0.018312716788934248
Ashanti,2017-12,Latin,0.02269364302184143
Ashanti,2018-01,Latin,0.018715558124707272
Ashanti,2018-02,Latin,0.01984723864067733
Ashanti,2018-03,Latin,0.017372646688468222
Ashanti,2018-04,Latin,0.03280807247206066
Ashanti,2018-05,Latin,0.042144968680013134
Ashanti,2018-06,Latin,0.03552284348356457
Ashanti,2018-07,Latin,0.024124339183757487
Ashanti,2018-08,Latin,0.012222223819989594
Ashanti,2018-09,Latin,0.010550420348926273
Ashanti,2018-10,Latin,0.005104572835990816
Ashanti,2018-11,Latin,0.004668224882317673
Ashanti,2018-12,Latin,0.00580612480996351
Ashanti,2019-01,Latin,0.022975444995270388
Ashanti,2019-02,Latin,0.021265059676971634
Ashanti,2019-03,Latin,0.022669970816329238
Ashanti,2019-04,Latin,0.005748858645655402
Ashanti,2019-05,Latin,0.0066786462367899625
Ashanti,2019-06,Latin,0.017952618346583665
Ashanti,2019-07,Latin,0.017288544080880066
Ashanti,2019-08,Latin,0.017614838275993448
Ashanti,2019-09,Latin,0.005736242110203724
Ashanti,2019-10,Latin,0.005963494172175993
Ashanti,2019-11,Latin,0.005900659495892181
Ashanti,2019-12,Latin,0.0031537158789354466
Ashanti,2020-01,Latin,0.008125232289099248
Ashanti,2020-02,Latin,0.010444535740228968
Ashanti,2020-03,Latin,0.011479366375734525
Ashanti,2020-04,Latin,0.007645852935924215
Ashanti,2020-05,Latin,0.004899262026052291
Ashanti,2020-06,Latin,0.005475386969117055
Ashanti,2020-07,Latin,0.010234655515391973
Ashanti,2020-08,Latin,0.010286324358641715
Ashanti,2020-09,Latin,0.008718377617634618
Ashanti,2020-10,Latin,0.004123200715098076
Ashanti,2020-11,Latin,0.0017223720056657704
Ashanti,2020-12,Latin,0.0021021892824157787
Ashanti,2021-01,Latin,0.004782089044995354
Ashanti,2021-02,Latin,0.008897916150081274
Ashanti,2021-03,Latin,0.00843002001396032
Ashanti,2021-04,Latin,0.008358335194889656
Ashanti,2021-05,Latin,0.005205962283813921
Ashanti,2021-06,Latin,0.008059009053510893
Ashanti,2021-07,Latin,0.004521667675877441
Ashanti,2021-08,Latin,0.0344537390885677
Ashanti,2021-09,Latin,0.03777717036858698
Ashanti,2021-10,Latin,0.04626251877704901
Ashanti,2021-11,Latin,0.01875064615129977
Ashanti,2021-12,Latin,0.020259113080201972
Ashanti,2022-01,Latin,0.035641152711295025
Ashanti,2022-02,Latin,0.03502371949516961
Ashanti,2022-03,Latin,0.038351989545907676
Ashanti,2022-04,Latin,0.013785432688717835
Ashanti,2022-05,Latin,0.013615521127280289
Ashanti,2022-06,Latin,0.0163178759003855
Ashanti,2022-07,Latin,0.0209801093134241
Ashanti,2022-08,Latin,0.01909766521130821
Ashanti,2022-09,Latin,0.005686492193846793
Ashanti,2022-10,Latin,0.0017193405580591715
Ashanti,2022-11,Latin,0.002280315628881963
Ashanti,2022-12,Latin,0.003060392536532602
Ashanti,2023-01,Latin,0.01894663402600734
Ashanti,2023-02,Latin,0.024760627398329713
Ashanti,2023-03,Latin,0.04665454384233602
Ashanti,2023-04,Latin,0.03375602878851332
Ashanti,2023-05,Latin,0.03153664847715839
Ashanti,2023-06,Latin,0.017866746393379485
Ashanti,2023-07,Latin,0.01605024597484389
Ashanti,2023-08,Latin,0.017647806095510966
Ashanti,2023-09,Latin,0.009105884876406898
Ashanti,2023-10,Latin,0.007239577082039477
Ashanti,2023-11,Latin,0.003370840914490608
Ashanti,2023-12,Latin,0.00989265594057018
Ashanti,2024-01,Latin,0.011402976791507547
Ashanti,2024-02,Latin,0.010399402712579841
Ashanti,2024-03,Latin,0.018714528338608486
Ashanti,2024-04,Latin,0.01892901213183111
Ashanti,2024-05,Latin,0.02306390159507733
Ashanti,2024-06,Latin,0.007496960669925904
Ashanti,2024-07,Latin,0.009442367389986562
Ashanti,2024-08,Latin,0.004137338755626742
Ashanti,2024-09,Latin,0.005108450526358068
Ashanti,2024-10,Latin,0.0027706017543571173
Ashanti,2024-11,Latin,0.004982992055695945
Ashanti,2024-12,Latin,0.007877902662762717
Ashanti,2025-01,Latin,0.006545540070543018
Ashanti,2025-02,Latin,0.008629286656601074
Ashanti,2025-03,Latin,0.03222953400985852
Ashanti,2025-04,Latin,0.04959277221604891
Ashanti,2025-05,Latin,0.05229124940175886
Ashanti,2025-06,Latin,0.030564346252288044
Ashanti,2025-07,Latin,0.02839076156915658
Ashanti,2025-08,Latin,0.021421953541810618
Ashanti,2025-09,Latin,0.037983290328439646
Ashanti,2025-10,Latin,0.032911876679228284
Ashanti,2025-11,Latin,0.03959598275600413
Ashanti,2025-12,Latin,0.017279115341262818
Ashanti,2026-01,Latin,0.04273512267066524
Ashanti,2026-02,Latin,0.03930172773554833
Ashanti,2026-03,Latin,0.04652761482626783
Ashanti,2026-04,Latin,0.023355349904211398
Ashanti,2026-05,Latin,0.029481404670978158
Gabi,2021-03,Latin,0.014863311476660689
Gabi,2021-04,Latin,0.009908874317773793
Gabi,2021-05,Latin,0.0
Gabi,2021-07,Latin,0.006429704809630604
Gabi,2021-11,Latin,0.016945864763835895
Gabi,2021-12,Latin,0.02117078523199385
Gabi,2022-01,Latin,0.030944346215247193
Gabi,2022-02,Latin,0.03363069460826797
Gabi,2022-03,Latin,0.033037587419206704
Gabi,2022-04,Latin,0.031156549419324775
Gabi,2022-05,Latin,0.02780724841414151
Gabi,2022-06,Latin,0.034419675061756756
Gabi,2022-07,Latin,0.02930742704871106
Gabi,2022-08,Latin,0.02113781423627224
Gabi,2022-09,Latin,0.012030263864457054
Gabi,2022-10,Latin,0.005352489341165712
Gabi,2022-11,Latin,0.011751946841703118
Gabi,2022-12,Latin,0.01685125612053971
Gabi,2023-01,Latin,0.01934732267857546
Gabi,2023-02,Latin,0.01460330413206779
Gabi,2023-03,Latin,0.012196142450448475
Gabi,2023-04,Latin,0.011427184994667591
Gabi,2023-05,Latin,0.012374439873411823
Gabi,2023-06,Latin,0.01050584280885769
Gabi,2023-07,Latin,0.008145732048828536
Gabi,2023-08,Latin,0.004255606334103497
Gabi,2023-09,Latin,0.011270506378025505
Gabi,2023-10,Latin,0.01307669329248322
Gabi,2023-11,Latin,0.01787355842348218
Gabi,2023-12,Latin,0.009974642877695292
Gabi,2024-01,Latin,0.020146803676100427
Gabi,2024-02,Latin,0.02159312822958963
Gabi,2024-03,Latin,0.03059435651176132
Gabi,2024-04,Latin,0.022836467459294907
Gabi,2024-05,Latin,0.020242440504845572
Gabi,2024-06,Latin,0.018753594823311195
Gabi,2024-07,Latin,0.027883096682697433
Gabi,2024-08,Latin,0.03425384601127859
Gabi,2024-09,Latin,0.03656634976301227
Gabi,2024-10,Latin,0.03347623437489158
Gabi,2024-11,Latin,0.030084710669475087
Gabi,2024-12,Latin,0.03069135145130103
Gabi,2025-01,Latin,0.030326735486849315
Gabi,2025-02,Latin,0.031127340285726595
Gabi,2025-03,Latin,0.03078838086057876
Gabi,2025-04,Latin,0.028889251064486587
Gabi,2025-05,Latin,0.04179579367456423
Gabi,2025-06,Latin,0.05783457057892788
Gabi,2025-07,Latin,0.060328103725554034
Gabi,2025-08,Latin,0.049917276569711864
Gabi,2025-09,Latin,0.03407348970804632
Gabi,2025-10,Latin,0.0246756698094617
Gabi,2025-11,Latin,0.02451512444574881
Gabi,2025-12,Latin,0.02076281075889948
Gabi,2026-01,Latin,0.0314466906873958
Gabi,2026-02,Latin,0.027167991821772115
Gabi,2026-03,Latin,0.02544083298596489
Gabi,2026-04,Latin,0.015037956339901085
Gabi,2026-05,Latin,0.013734493972902809
Maribel,2023-07,Latin,0.4697886501682229
Maribel,2023-08,Latin,0.41215580438010746
Maribel,2023-09,Latin,0.27233606934486415
Maribel,2023-10,Latin,0.23157808287984585
Maribel,2023-11,Latin,0.2502000620711952
Maribel,2023-12,Latin,0.32712772808177554
Maribel,2024-01,Latin,0.3739335877984106
Maribel,2024-02,Latin,0.36837287765027676
Maribel,2024-03,Latin,0.2670670718329318
Maribel,2024-04,Latin,0.17280797738016387
Maribel,2024-05,Latin,0.07875500432962715
Maribel,2024-06,Latin,0.06800037674739795
Maribel,2024-07,Latin,0.07221561998085933
Maribel,2024-08,Latin,0.11073845508745302
Maribel,2024-09,Latin,0.16012417372252694
Maribel,2024-10,Latin,0.2338566826409186
Maribel,2024-11,Latin,0.19863468592545544
Maribel,2024-12,Latin,0.2931441525215052
Maribel,2025-01,Latin,0.22012526630485182
Maribel,2025-02,Latin,0.23959529438240745
Maribel,2025-03,Latin,0.08923019077673322
Ashanti,2015-08,Folk/Country,0.0011048225685361453
Ashanti,2017-05,Folk/Country,0.0007530923810701592
Ashanti,2017-06,Folk/Country,0.0015808948562269593
Ashanti,2017-07,Folk/Country,0.00573230906466991
Ashanti,2017-08,Folk/Country,0.0221337847047485
Ashanti,2017-09,Folk/Country,0.03479126945627297
Ashanti,2017-10,Folk/Country,0.06069916689479447
Ashanti,2017-11,Folk/Country,0.09997936300237104
Ashanti,2017-12,Folk/Country,0.09609488484086771
Ashanti,2018-01,Folk/Country,0.07782697052608638
Ashanti,2018-02,Folk/Country,0.03302468541958661
Ashanti,2018-03,Folk/Country,0.03625730603864774
Ashanti,2018-04,Folk/Country,0.04361775085305981
Ashanti,2018-05,Folk/Country,0.03629220037100262
Ashanti,2018-06,Folk/Country,0.03101672115586056
Ashanti,2018-07,Folk/Country,0.015909131992228317
Ashanti,2018-08,Folk/Country,0.017006346374914036
Ashanti,2018-09,Folk/Country,0.011313569223232707
Ashanti,2018-10,Folk/Country,0.008336891888075912
Ashanti,2018-11,Folk/Country,0.007724423530104926
Ashanti,2018-12,Folk/Country,0.0076863307335112525
Ashanti,2019-01,Folk/Country,0.02385899559572288
Ashanti,2019-02,Folk/Country,0.024417701729352415
Ashanti,2019-03,Folk/Country,0.04194538371426187
Ashanti,2019-04,Folk/Country,0.04093254828373318
Ashanti,2019-05,Folk/Country,0.04247146656075917
Ashanti,2019-06,Folk/Country,0.02581060463263335
Ashanti,2019-07,Folk/Country,0.018134793076867977
Ashanti,2019-08,Folk/Country,0.016233990488217134
Ashanti,2019-09,Folk/Country,0.04572619076502985
Ashanti,2019-10,Folk/Country,0.04529365469152485
Ashanti,2019-11,Folk/Country,0.05394149524916506
Ashanti,2019-12,Folk/Country,0.043012068514802236
Ashanti,2020-01,Folk/Country,0.040232115702560335
Ashanti,2020-02,Folk/Country,0.041584732614565155
Ashanti,2020-03,Folk/Country,0.03201840194198197
Ashanti,2020-04,Folk/Country,0.03370612020926996
Ashanti,2020-05,Folk/Country,0.029717699541218667
Ashanti,2020-06,Folk/Country,0.026545436256754096
Ashanti,2020-07,Folk/Country,0.029332020707736665
Ashanti,2020-08,Folk/Country,0.02968667821117461
Ashanti,2020-09,Folk/Country,0.03277657450081199
Ashanti,2020-10,Folk/Country,0.06005762139189811
Ashanti,2020-11,Folk/Country,0.07217835034193608
Ashanti,2020-12,Folk/Country,0.10623060317578344
Ashanti,2021-01,Folk/Country,0.10684694155455089
Ashanti,2021-02,Folk/Country,0.1131926880065743
Ashanti,2021-03,Folk/Country,0.07689105171687123
Ashanti,2021-04,Folk/Country,0.06756476301660523
Ashanti,2021-05,Folk/Country,0.059557577555594154
Ashanti,2021-06,Folk/Country,0.06414202711775942
Ashanti,2021-07,Folk/Country,0.05668552834343767
Ashanti,2021-08,Folk/Country,0.08763226209637405
Ashanti,2021-09,Folk/Country,0.12544651196732773
Ashanti,2021-10,Folk/Country,0.14878719204536048
Ashanti,2021-11,Folk/Country,0.16494535997200901
Ashanti,2021-12,Folk/Country,0.16009622193010584
Ashanti,2022-01,Folk/Country,0.14373725863947776
Ashanti,2022-02,Folk/Country,0.10222282880519538
Ashanti,2022-03,Folk/Country,0.07682955693751459
Ashanti,2022-04,Folk/Country,0.08158150537898363
Ashanti,2022-05,Folk/Country,0.08626379269628459
Ashanti,2022-06,Folk/Country,0.0927733510967184
Ashanti,2022-07,Folk/Country,0.07401456141145266
Ashanti,2022-08,Folk/Country,0.08103564495592734
Ashanti,2022-09,Folk/Country,0.08993499400031518
Ashanti,2022-10,Folk/Country,0.10926011367212686
Ashanti,2022-11,Folk/Country,0.10570079795778507
Ashanti,2022-12,Folk/Country,0.12173731583677642
Ashanti,2023-01,Folk/Country,0.10052448760357652
Ashanti,2023-02,Folk/Country,0.09046214466820975
Ashanti,2023-03,Folk/Country,0.056376096279580235
Ashanti,2023-04,Folk/Country,0.07794618228851159
Ashanti,2023-05,Folk/Country,0.11506877828341404
Ashanti,2023-06,Folk/Country,0.1371286725480938
Ashanti,2023-07,Folk/Country,0.1752083037916263
Ashanti,2023-08,Folk/Country,0.1607177001606024
Ashanti,2023-09,Folk/Country,0.18023929986571904
Ashanti,2023-10,Folk/Country,0.14682395591663558
Ashanti,2023-11,Folk/Country,0.1622457183804795
Ashanti,2023-12,Folk/Country,0.15356533715720957
Ashanti,2024-01,Folk/Country,0.1599860685893457
Ashanti,2024-02,Folk/Country,0.12786188823676203
Ashanti,2024-03,Folk/Country,0.11652469185701943
Ashanti,2024-04,Folk/Country,0.11524324892945208
Ashanti,2024-05,Folk/Country,0.11093147803398928
Ashanti,2024-06,Folk/Country,0.09616115069043697
Ashanti,2024-07,Folk/Country,0.11312784390167457
Ashanti,2024-08,Folk/Country,0.10945816001834659
Ashanti,2024-09,Folk/Country,0.12416761106574736
Ashanti,2024-10,Folk/Country,0.1017341962534814
Ashanti,2024-11,Folk/Country,0.09693120413015972
Ashanti,2024-12,Folk/Country,0.08515038896214629
Ashanti,2025-01,Folk/Country,0.07723250729158453
Ashanti,2025-02,Folk/Country,0.10390178329993094
Ashanti,2025-03,Folk/Country,0.10598376947908968
Ashanti,2025-04,Folk/Country,0.10151502261556888
Ashanti,2025-05,Folk/Country,0.1440275382713755
Ashanti,2025-06,Folk/Country,0.17368045183239134
Ashanti,2025-07,Folk/Country,0.20255453200063367
Ashanti,2025-08,Folk/Country,0.18012445679365294
Ashanti,2025-09,Folk/Country,0.1555258800997413
Ashanti,2025-10,Folk/Country,0.13993096380819717
Ashanti,2025-11,Folk/Country,0.1173551824815809
Ashanti,2025-12,Folk/Country,0.1330385286440627
Ashanti,2026-01,Folk/Country,0.11379362607117886
Ashanti,2026-02,Folk/Country,0.08015621082447817
Ashanti,2026-03,Folk/Country,0.11171597515412345
Ashanti,2026-04,Folk/Country,0.25477824858353953
Ashanti,2026-05,Folk/Country,0.3695167272230138
Gabi,2021-03,Folk/Country,0.042541292966220855
Gabi,2021-04,Folk/Country,0.02836086197748057
Gabi,2021-05,Folk/Country,0.29580648662903947
Gabi,2021-07,Folk/Country,0.30045072287171654
Gabi,2021-11,Folk/Country,0.3024995065066546
Gabi,2021-12,Folk/Country,0.008422447072704467
Gabi,2022-01,Folk/Country,0.010339159488711785
Gabi,2022-02,Folk/Country,0.014537760643936767
Gabi,2022-03,Folk/Country,0.01838794707527016
Gabi,2022-04,Folk/Country,0.01613452750897332
Gabi,2022-05,Folk/Country,0.012482232197397186
Gabi,2022-06,Folk/Country,0.01778400412588761
Gabi,2022-07,Folk/Country,0.01888135557194078
Gabi,2022-08,Folk/Country,0.02833307437140346
Gabi,2022-09,Folk/Country,0.023682355535460775
Gabi,2022-10,Folk/Country,0.020979610286556104
Gabi,2022-11,Folk/Country,0.018193023064661126
Gabi,2022-12,Folk/Country,0.022495407156688286
Gabi,2023-01,Folk/Country,0.03376833275614131
Gabi,2023-02,Folk/Country,0.03356376938746248
Gabi,2023-03,Folk/Country,0.02620289409602367
Gabi,2023-04,Folk/Country,0.017378239275507804
Gabi,2023-05,Folk/Country,0.02219177511605008
Gabi,2023-06,Folk/Country,0.026016925332216057
Gabi,2023-07,Folk/Country,0.03222438637001355
Gabi,2023-08,Folk/Country,0.024930264842638283
Gabi,2023-09,Folk/Country,0.03316722319514704
Gabi,2023-10,Folk/Country,0.042921019547960924
Gabi,2023-11,Folk/Country,0.04248729477392049
Gabi,2023-12,Folk/Country,0.03786965825973868
Gabi,2024-01,Folk/Country,0.03428208523838893
Gabi,2024-02,Folk/Country,0.05430677693327777
Gabi,2024-03,Folk/Country,0.0562077874304255
Gabi,2024-04,Folk/Country,0.04355353329430172
Gabi,2024-05,Folk/Country,0.04717935915497962
Gabi,2024-06,Folk/Country,0.04737569649598411
Gabi,2024-07,Folk/Country,0.059481596293074535
Gabi,2024-08,Folk/Country,0.04054440035222744
Gabi,2024-09,Folk/Country,0.04012996710989852
Gabi,2024-10,Folk/Country,0.03813096859870648
Gabi,2024-11,Folk/Country,0.03962232623630069
Gabi,2024-12,Folk/Country,0.037036651560014955
Gabi,2025-01,Folk/Country,0.048679095194193146
Gabi,2025-02,Folk/Country,0.06229455133237503
Gabi,2025-03,Folk/Country,0.0637296084891834
Gabi,2025-04,Folk/Country,0.0585386641333601
Gabi,2025-05,Folk/Country,0.04498795960771932
Gabi,2025-06,Folk/Country,0.040662084690317866
Gabi,2025-07,Folk/Country,0.026729465907332134
Gabi,2025-08,Folk/Country,0.02117364387800925
Gabi,2025-09,Folk/Country,0.021836724697542026
Gabi,2025-10,Folk/Country,0.030260210361483204
Gabi,2025-11,Folk/Country,0.03347614519773747
Gabi,2025-12,Folk/Country,0.04060457875048141
Gabi,2026-01,Folk/Country,0.03954333326074676
Gabi,2026-02,Folk/Country,0.03863177490626749
Gabi,2026-03,Folk/Country,0.030643895354348027
Gabi,2026-04,Folk/Country,0.028804862120618484
Gabi,2026-05,Folk/Country,0.029468294365063576
Maribel,2023-07,Folk/Country,0.008368244137842134
Maribel,2023-08,Folk/Country,0.022160905712619295
Maribel,2023-09,Folk/Country,0.05736350297615911
Maribel,2023-10,Folk/Country,0.07043119834042173
Maribel,2023-11,Folk/Country,0.06088926244814494
Maribel,2023-12,Folk/Country,0.03224628176155224
Maribel,2024-01,Folk/Country,0.017653201098279846
Maribel,2024-02,Folk/Country,0.019459123550754256
Maribel,2024-03,Folk/Country,0.017454409087008325
Maribel,2024-04,Folk/Country,0.028724575983579224
Maribel,2024-05,Folk/Country,0.05079338699184773
Maribel,2024-06,Folk/Country,0.04835316802626294
Maribel,2024-07,Folk/Country,0.03635081639909766
Maribel,2024-08,Folk/Country,0.00884177235287017
Maribel,2024-09,Folk/Country,0.009340076161231286
Maribel,2024-10,Folk/Country,0.040195165574823256
Maribel,2024-11,Folk/Country,0.04117166325921221
Maribel,2024-12,Folk/Country,0.03927959287137133
Maribel,2025-01,Folk/Country,0.036587690923407044
Maribel,2025-02,Folk/Country,0.03508033021924845
Maribel,2025-03,Folk/Country,0.04893129484660858
Ashanti,2015-08,Jazz/Classical,8.987164999271184e-05
Ashanti,2017-05,Jazz/Classical,0.0012153962144024518
Ashanti,2017-06,Jazz/Classical,0.0017273534483200346
Ashanti,2017-07,Jazz/Classical,0.0024836782094294096
Ashanti,2017-08,Jazz/Classical,0.003880657628431737
Ashanti,2017-09,Jazz/Classical,0.0034425964327304288
Ashanti,2017-10,Jazz/Classical,0.010431418775988672
Ashanti,2017-11,Jazz/Classical,0.01097667181598025
Ashanti,2017-12,Jazz/Classical,0.013395121787002967
Ashanti,2018-01,Jazz/Classical,0.009022229999694695
Ashanti,2018-02,Jazz/Classical,0.007622890291070741
Ashanti,2018-03,Jazz/Classical,0.010950803973659143
Ashanti,2018-04,Jazz/Classical,0.01507605233914214
Ashanti,2018-05,Jazz/Classical,0.013697795501004304
Ashanti,2018-06,Jazz/Classical,0.007888062328899803
Ashanti,2018-07,Jazz/Classical,0.00033064421302898866
Ashanti,2018-08,Jazz/Classical,0.0008440465222318881
Ashanti,2018-09,Jazz/Classical,0.0009750072677014535
Ashanti,2018-10,Jazz/Classical,0.0013090240160464563
Ashanti,2018-11,Jazz/Classical,0.0018877099668885833
Ashanti,2018-12,Jazz/Classical,0.002213307534969903
Ashanti,2019-01,Jazz/Classical,0.012021740572776954
Ashanti,2019-02,Jazz/Classical,0.024752184049565005
Ashanti,2019-03,Jazz/Classical,0.02664421058851676
Ashanti,2019-04,Jazz/Classical,0.025332657864327215
Ashanti,2019-05,Jazz/Classical,0.01366678851623754
Ashanti,2019-06,Jazz/Classical,0.018639379732794666
Ashanti,2019-07,Jazz/Classical,0.01133201430427007
Ashanti,2019-08,Jazz/Classical,0.009687328857521335
Ashanti,2019-09,Jazz/Classical,0.0024016611326294116
Ashanti,2019-10,Jazz/Classical,0.016828825704225163
Ashanti,2019-11,Jazz/Classical,0.031491572433712284
Ashanti,2019-12,Jazz/Classical,0.03871958487052914
Ashanti,2020-01,Jazz/Classical,0.026711196092426604
Ashanti,2020-02,Jazz/Classical,0.017271162176909455
Ashanti,2020-03,Jazz/Classical,0.010273415596276798
Ashanti,2020-04,Jazz/Classical,0.021868647073612763
Ashanti,2020-05,Jazz/Classical,0.02194846304833956
Ashanti,2020-06,Jazz/Classical,0.03082194638847967
Ashanti,2020-07,Jazz/Classical,0.03836870507445204
Ashanti,2020-08,Jazz/Classical,0.0488791918008579
Ashanti,2020-09,Jazz/Classical,0.04288261054314573
Ashanti,2020-10,Jazz/Classical,0.033014684993964954
Ashanti,2020-11,Jazz/Classical,0.021192449062731957
Ashanti,2020-12,Jazz/Classical,0.03966345537462334
Ashanti,2021-01,Jazz/Classical,0.07573435605695479
Ashanti,2021-02,Jazz/Classical,0.14109481349542516
Ashanti,2021-03,Jazz/Classical,0.12930065871004745
Ashanti,2021-04,Jazz/Classical,0.08994213015001072
Ashanti,2021-05,Jazz/Classical,0.0224253269761987
Ashanti,2021-06,Jazz/Classical,0.015851193024065666
Ashanti,2021-07,Jazz/Classical,0.008200518301747176
Ashanti,2021-08,Jazz/Classical,0.008002613441395695
Ashanti,2021-09,Jazz/Classical,0.006787315488952876
Ashanti,2021-10,Jazz/Classical,0.012874066134733617
Ashanti,2021-11,Jazz/Classical,0.02234871526587885
Ashanti,2021-12,Jazz/Classical,0.02196476408230255
Ashanti,2022-01,Jazz/Classical,0.016471433715866096
Ashanti,2022-02,Jazz/Classical,0.007305261067079037
Ashanti,2022-03,Jazz/Classical,0.005793947219334545
Ashanti,2022-04,Jazz/Classical,0.003728675827784083
Ashanti,2022-05,Jazz/Classical,0.0028026010243698985
Ashanti,2022-06,Jazz/Classical,0.009814463080318133
Ashanti,2022-07,Jazz/Classical,0.014189962812903531
Ashanti,2022-08,Jazz/Classical,0.01693066341167068
Ashanti,2022-09,Jazz/Classical,0.013735372826806728
Ashanti,2022-10,Jazz/Classical,0.008771232315801816
Ashanti,2022-11,Jazz/Classical,0.005638558206049825
Ashanti,2022-12,Jazz/Classical,0.003923865093273058
Ashanti,2023-01,Jazz/Classical,0.005691078957011798
Ashanti,2023-02,Jazz/Classical,0.0073078639483615425
Ashanti,2023-03,Jazz/Classical,0.014465427665222979
Ashanti,2023-04,Jazz/Classical,0.01613289960217407
Ashanti,2023-05,Jazz/Classical,0.016666581363380978
Ashanti,2023-06,Jazz/Classical,0.0090016656616153
Ashanti,2023-07,Jazz/Classical,0.006151105218886142
Ashanti,2023-08,Jazz/Classical,0.00715619747851767
Ashanti,2023-09,Jazz/Classical,0.006176833429486872
Ashanti,2023-10,Jazz/Classical,0.011572753779477807
Ashanti,2023-11,Jazz/Classical,0.00837364884437746
Ashanti,2023-12,Jazz/Classical,0.050577788465685246
Ashanti,2024-01,Jazz/Classical,0.04806672456306694
Ashanti,2024-02,Jazz/Classical,0.05324873813742525
Ashanti,2024-03,Jazz/Classical,0.023519832851037124
Ashanti,2024-04,Jazz/Classical,0.02798986920707397
Ashanti,2024-05,Jazz/Classical,0.023349735508287523
Ashanti,2024-06,Jazz/Classical,0.019753290996821285
Ashanti,2024-07,Jazz/Classical,0.07299398113577046
Ashanti,2024-08,Jazz/Classical,0.1011056293766114
Ashanti,2024-09,Jazz/Classical,0.1264000402608767
Ashanti,2024-10,Jazz/Classical,0.09066911786549718
Ashanti,2024-11,Jazz/Classical,0.1358587539328145
Ashanti,2024-12,Jazz/Classical,0.18879248479930655
Ashanti,2025-01,Jazz/Classical,0.17639867178733767
Ashanti,2025-02,Jazz/Classical,0.12012789965525932
Ashanti,2025-03,Jazz/Classical,0.05250998104671364
Ashanti,2025-04,Jazz/Classical,0.07541887584208147
Ashanti,2025-05,Jazz/Classical,0.07261210707891473
Ashanti,2025-06,Jazz/Classical,0.06976010017914196
Ashanti,2025-07,Jazz/Classical,0.059103756042399036
Ashanti,2025-08,Jazz/Classical,0.04951660705938463
Ashanti,2025-09,Jazz/Classical,0.05158694725294206
Ashanti,2025-10,Jazz/Classical,0.07289135311778504
Ashanti,2025-11,Jazz/Classical,0.11838131706893691
Ashanti,2025-12,Jazz/Classical,0.2054595465766009
Ashanti,2026-01,Jazz/Classical,0.2353277515110024
Ashanti,2026-02,Jazz/Classical,0.23233046937264412
Ashanti,2026-03,Jazz/Classical,0.1720625144479809
Ashanti,2026-04,Jazz/Classical,0.11020154215248595
Ashanti,2026-05,Jazz/Classical,0.09167232024854623
Gabi,2021-03,Jazz/Classical,0.11972558533436792
Gabi,2021-04,Jazz/Classical,0.1069829239019171
Gabi,2021-05,Jazz/Classical,0.04223633247572637
Gabi,2021-07,Jazz/Classical,0.03723800076066903
Gabi,2021-11,Jazz/Classical,0.013512890351112148
Gabi,2021-12,Jazz/Classical,0.04179450406053148
Gabi,2022-01,Jazz/Classical,0.04548932313355405
Gabi,2022-02,Jazz/Classical,0.04780879761978959
Gabi,2022-03,Jazz/Classical,0.021655349225709854
Gabi,2022-04,Jazz/Classical,0.01824369875186368
Gabi,2022-05,Jazz/Classical,0.026197309466414704
Gabi,2022-06,Jazz/Classical,0.027177050732665183
Gabi,2022-07,Jazz/Classical,0.019466366269187532
Gabi,2022-08,Jazz/Classical,0.034510734709081135
Gabi,2022-09,Jazz/Classical,0.043883235059371244
Gabi,2022-10,Jazz/Classical,0.05462062953268648
Gabi,2022-11,Jazz/Classical,0.027938476418446875
Gabi,2022-12,Jazz/Classical,0.02066272999878606
Gabi,2023-01,Jazz/Classical,0.017934048195867275
Gabi,2023-02,Jazz/Classical,0.02669652794027207
Gabi,2023-03,Jazz/Classical,0.03675633859217369
Gabi,2023-04,Jazz/Classical,0.041775447029384356
Gabi,2023-05,Jazz/Classical,0.037704357445946954
Gabi,2023-06,Jazz/Classical,0.0409509861360271
Gabi,2023-07,Jazz/Classical,0.03922157867672441
Gabi,2023-08,Jazz/Classical,0.04374125067932721
Gabi,2023-09,Jazz/Classical,0.03023659214127167
Gabi,2023-10,Jazz/Classical,0.07085276975021547
Gabi,2023-11,Jazz/Classical,0.07294504442710038
Gabi,2023-12,Jazz/Classical,0.07016460060868075
Gabi,2024-01,Jazz/Classical,0.016925735089978734
Gabi,2024-02,Jazz/Classical,0.005988343401603534
Gabi,2024-03,Jazz/Classical,0.007238868481200546
Gabi,2024-04,Jazz/Classical,0.016923282933018945
Gabi,2024-05,Jazz/Classical,0.018599218757415426
Gabi,2024-06,Jazz/Classical,0.01626846067812272
Gabi,2024-07,Jazz/Classical,0.008031887583146017
Gabi,2024-08,Jazz/Classical,0.019050226351455108
Gabi,2024-09,Jazz/Classical,0.01929107991141629
Gabi,2024-10,Jazz/Classical,0.01974772520749969
Gabi,2024-11,Jazz/Classical,0.01082186314054782
Gabi,2024-12,Jazz/Classical,0.014323969580340448
Gabi,2025-01,Jazz/Classical,0.01812113039784355
Gabi,2025-02,Jazz/Classical,0.01902359203480775
Gabi,2025-03,Jazz/Classical,0.020700068109180944
Gabi,2025-04,Jazz/Classical,0.026328277708768572
Gabi,2025-05,Jazz/Classical,0.03296189130171725
Gabi,2025-06,Jazz/Classical,0.02872018176331838
Gabi,2025-07,Jazz/Classical,0.03204207494920124
Gabi,2025-08,Jazz/Classical,0.05446182429215355
Gabi,2025-09,Jazz/Classical,0.06365822367072244
Gabi,2025-10,Jazz/Classical,0.0664023206427719
Gabi,2025-11,Jazz/Classical,0.06251629823201893
Gabi,2025-12,Jazz/Classical,0.09392271334623299
Gabi,2026-01,Jazz/Classical,0.08013327526438083
Gabi,2026-02,Jazz/Classical,0.05678597852187561
Gabi,2026-03,Jazz/Classical,0.01848210371553897
Gabi,2026-04,Jazz/Classical,0.015566798192551634
Gabi,2026-05,Jazz/Classical,0.009950816948833239
Maribel,2023-07,Jazz/Classical,0.0
Maribel,2023-08,Jazz/Classical,0.0009786008824898672
Maribel,2023-09,Jazz/Classical,0.006103475695291531
Maribel,2023-10,Jazz/Classical,0.01790300441405289
Maribel,2023-11,Jazz/Classical,0.01692440353156302
Maribel,2023-12,Jazz/Classical,0.011799528718761354
Maribel,2024-01,Jazz/Classical,0.0
Maribel,2024-02,Jazz/Classical,0.0034939711911635856
Maribel,2024-03,Jazz/Classical,0.003998775947359196
Maribel,2024-04,Jazz/Classical,0.02771293679576245
Maribel,2024-05,Jazz/Classical,0.04314127870545605
Maribel,2024-06,Jazz/Classical,0.05309825789613135
Maribel,2024-07,Jazz/Classical,0.03138924696750279
Maribel,2024-08,Jazz/Classical,0.012466933866645602
Maribel,2024-09,Jazz/Classical,0.0043448439226801685
Maribel,2024-10,Jazz/Classical,0.004036830550367286
Maribel,2024-11,Jazz/Classical,0.005465030762037557
Maribel,2024-12,Jazz/Classical,0.003992662913693203
Maribel,2025-01,Jazz/Classical,0.004809409917962669
Maribel,2025-02,Jazz/Classical,0.010619074672509813
Maribel,2025-03,Jazz/Classical,0.014627622776923045
